{"cameraMode":{"drawMode":0,"name":"Shaded","section":"Shading Mode"},"sceneLighting":true,"audioPlay":false,"sceneViewState":{"showFog":true,"showMaterialUpdate":false,"showSkybox":true,"showFlares":true,"showImageEffects":true,"showParticleSystems":true},"in2DMode":false,"pivot":{"x":5.9048967361450199,"y":-7.064979553222656,"z":-8.966487884521485},"rotation":{"x":0.03160153329372406,"y":0.03958328068256378,"z":0.009594645351171494,"w":0.9986748099327087},"size":0.5744563937187195,"orthographic":false}