{"cameraMode":{"drawMode":0,"name":"Shaded","section":"Shading Mode"},"sceneLighting":true,"audioPlay":false,"sceneViewState":{"showFog":true,"showMaterialUpdate":false,"showSkybox":true,"showFlares":true,"showImageEffects":true,"showParticleSystems":true},"in2DMode":false,"pivot":{"x":10.931539535522461,"y":-5.124608993530273,"z":-4.355292320251465},"rotation":{"x":0.04797123000025749,"y":-0.09194254875183106,"z":0.015330018475651741,"w":0.9944918155670166},"size":0.5744563937187195,"orthographic":false}